{
  "project_info": {
    "project_number": "878489667799",
    "project_id": "chatpal-b75ee",
    "storage_bucket": "chatpal-b75ee.firebasestorage.app"
  },
  "client": [
    {
      "client_info": {
        "mobilesdk_app_id": "1:878489667799:android:00b5aa2a83aa8320ea0892",
        "android_client_info": {
          "package_name": "com.example.chatbot"
        }
      },
      "oauth_client": [],
      "api_key": [
        {
          "current_key": "AIzaSyAS5z1WIVJHR4o-DOUSLDT31NJH6nuVdvQ"
        }
      ],
      "services": {
        "appinvite_service": {
          "other_platform_oauth_client": []
        }
      }
    }
  ],
  "configuration_version": "1"
}